{
  "lucifer": {
    "user": "1337",
    "time": 2000,
    "expiry": "08/08/2030",
    "maxCons": 400,
    "cooldown": 0,
    "vip": true,
    "admin": true,
    "banned": false,
    "bypass_blacklist": true,
    "whitelisted_ip": "none"
  },
  "1337": {
    "user": "123",
    "time": 60,
    "expiry": "31/12/2025",
    "maxCons": 1,
    "cooldown": 10,
    "vip": false,
    "admin": false,
    "banned": false,
    "bypass_blacklist": false
  },
  "tdd2003": {
    "user": "2003",
    "time": 200,
    "expiry": "08/08/2026",
    "maxCons": 10,
    "cooldown": 0,
    "vip": true,
    "admin": false,
    "banned": false,
    "bypass_blacklist": false
  },
  "haibeo": {
    "user": "haibeodz",
    "time": 120,
    "expiry": "19/12/2030",
    "maxCons": 2,
    "cooldown": 60,
    "vip": false,
    "admin": false,
    "banned": false,
    "bypass_blacklist": false
  },
  "101996": {
    "user": "khanhdz",
    "time": 60,
    "expiry": "12/04/2025",
    "maxCons": 1,
    "cooldown": 30,
    "vip": true,
    "admin": false,
    "banned": false,
    "bypass_blacklist": false
  }
}